{"topic": ["話", "意味", "マ", "今度", "アノー", "山下", "主役", "ロボ", "広場", "アノー", "共演", "個人"], "possesion": {"0": 0.7770538455777727, "1": 0.2229461544222273}, "active_rate": 0.7820714446191869, "score": [0.27695174462388494, 0.5308241771957771, 0.41672178396677995, 0.331676521932744, 0.24476716973494392, 0.27236352704959177, 0.42469786310475205, 0.3879099756430689, 0.18698733104996376, 0.3120602738666105], "total_time": 133.53, "created_at": "2019-10-20T14:37:39.556298"}