{"topic": ["ハワイ", "アノー", "反応", "アノー", "アノー", "アノー", "青", "狼"], "possesion": {"0": 0.559253052429974, "2": 0.44074694757002586}, "active_rate": 0.4569068709600187, "score": [0.4588587282076492, 0.687747210233739, 0.5475962384440646, 0.7609928746571504, 0.25017406335881653, 0.9790770435711252, 0.30554927039946084, 0.5425359848154943, 0.6406940711384302, 0.5337537979489914], "total_time": 83.53999999999995, "created_at": "2019-10-20T15:38:57.653928"}