{"topic": ["いや", "メール", "ブレスト", "母", "安田", "菊五郎"], "possesion": {"0": 0, "1": 0}, "active_rate": 0.8486078886310905, "score": [1.1904761904761907, 0.628930817610063, 0.5617977528089884, 0.37453183520599226, 1.0526315789473732], "total_time": 51.71999999999999, "created_at": "2019-11-04T17:36:08.547266"}