{"topic": ["自分", "ハンバーグ", "オートバイ", "スポット"], "possesion": {"0": 0.5992546749184803, "1": 0.4007453250815197}, "active_rate": 0.8450123111732215, "score": [0.9429301766623992, 0.9541555359083804, 0.7902346252569404, 0.68523497310249, 0.6287156817940531, 0.4323672516932973, 0.739002817027079, 0.5708461307231644, 0.6215343320912766, 0.7138276103014637], "total_time": 150.26999999999992, "created_at": "2019-10-20T15:43:29.332040"}