{"topic": ["下手", "止め", "鴨川", "適応", "光学", "顔", "社長", "主", "卒業", "準備", "会社", "黒田", "クローデル", "締め"], "possesion": {"1": 0.4055822906641002, "2": 0.5944177093359}, "active_rate": 0.7611164581328203, "score": [0.4955328160557417, 0.7301423351095878, 0.5921453714094121, 0.40825162823331773, 0.6658892919720671, 0.5805839209200878, 0.9656721206288222, 0.702069730943647, 0.21505582719856428, 0.5272520777510804], "total_time": 155.84999999999997, "created_at": "2019-10-20T14:50:31.811446"}