{"topic": ["チャンネル", "登録", "お願い", "ア", "マ", "気", "値段", "ざざむし", "上安", "米沢"], "possesion": {"0": 0.48599313211639195, "1": 0.514006867883608}, "active_rate": 0.29887342611000745, "score": [0.799051572633457, 0.5833296525375266, 0.7432632143116993, 0.7235942123166427, 0.41245548723544484, 0.7375848404864693, 0.5943160397855305, 0.7582900241680984, 0.7616046148068346, 0.6241368747247856], "total_time": 165.99000000000007, "created_at": "2019-10-20T14:53:42.637701"}