{"topic": ["面", "象徴", "方法", "好き", "今", "アイドル"], "possesion": {"1": 0.4344882871648701, "0": 0.5655117128351299}, "active_rate": 0.635877794602298, "score": [0.812198580129998, 0.6440403586196218, 0.6670715082087909, 0.5839896332861163, 0.2504569073882704, 0.8070097539380633, 0.7779712288086622, 0.36219344626320515, 0.6926711077549103, 0.7800106295106847], "total_time": 112.27, "created_at": "2019-10-20T14:47:58.167848"}