{"topic": ["監督", "元気"], "possesion": {"0": 0.26125368111064384, "1": 0.738746318889356}, "active_rate": 0.7482120319730754, "score": [0.34375484356663677, 0.3530455150143827, 0.14886249635934135, 0.462395895771053, 0.12067144624048222], "total_time": 47.54000000000001, "created_at": "2019-10-20T14:38:42.689801"}